Company Name,Website URL,Contact Number,Location/Address,Industry/Category,Description,Email Address
Geeks On Site,https://www.geeksonsite.com,(1)-888-799-4335,"2525 Ponce de Leon Blvd, Third Floor, Coral Gables, Florida 33134, USA",IT Services,"From Business: If you are in a crunch, Geeks on Site can help you get things back up and running quickly with extensive PC repair service. Depending on your issue, we can",
AAA All Voice And Data Inc.,https://www.aaallvoice.com,(646)-208-2797,"Philadelphia, PA 19112, USA",IT Services,Guys from AAA did great installation for us.  Quick and very neat.  Vitaly is an expert in this field.  Ask for him.",
My Computer Works,https://www.mycomputerworks.com,(800) 262-2219,"Scottsdale, Arizona",IT Services,Nice support from their office thanks for everything i will visit them again for sure. Great service.",
Geeks On Site,https://www.geeksonsite.com,(800) 531-2349,"2525 Ponce de Leon Blvd, Third Floor, Coral Gables, Florida 33134, USA",IT Services,"From Business: If you are in a crunch, Geeks on Site can help you get things back up and running quickly with extensive PC repair service. Depending on your issue, we can",
My Computer Works,https://www.mycomputerworks.com,(877) 201-0623,"Scottsdale, Arizona",IT Services,"From Business: Our professional and polite U.S. based technicians can solve your PC or MAC problems, and their devices from the comfort of your own home. Through remote",
Geeks on Site,https://www.geeksonsite.com,(877) 223-4607,"2525 Ponce de Leon Blvd, Third Floor, Coral Gables, Florida 33134, USA",IT Services,"From Business: With over 20 years of experience Geeks OnSite offers everything from computer and printer repair, software sales and service, home theater installation, home",
AAA All Voice And Data Inc.,https://www.aaallvoice.com,(646) 921-7849,"Philadelphia, PA 19112, USA",IT Services,Guys from AAA did great installation for us.  Quick and very neat.  Vitaly is an expert in this field.  Ask for him.",
Jean Martin Insurance Inc,https://www.jeanmartininsurance.com,(833) 277-0597,"1901 S 38th St, Philadelphia, PA 19145, USA",IT Services,"It offers a wide range of insurance solutions, including auto, homeowners, business, and cyber liability insurance, among other personal and commercial coverages.",
EgeekPRO INC,https://www.egeekpro.com,(212) 388-5943,"Parker, Colorado",IT Services,"They are just excellent. I am satisfied with their services, quality of the products and skills of repairing all kind of phones like I phones, Samsung and all latest phones.""",
SourceCom Communications,https://www.source-communications.com,(844) 768-7240,"New York, NY 10019, USA",IT Services,"From Business: WE ARE A BUSINESS TO BUSINESS SERVICE PROVIDER. SourceCom Communications is your source for all communication needs. Your source for cable, data, voice,",
Computer Overhauls,https://www.computeroverhauls.com,(212) 216-9711,"1026 East 15th St, Brooklyn, NY 11230, USA",IT Services,"I was reluctant to order an overhauled computer, but when my Apple arrived right on time in perfect condition I was relieved.  This computer is amazing and I couldn't be",
New York Computer Help - Midtown,https://www.newyorkcomputerhelp.com,(212) 599-0339,"60 W 36th St, New York, NY 10018, USA",IT Services,Theses guys have the best tech support. They always answer all m y questions and keep my computer running perfectly!",
TecProtocol Business Solutions,https://www.tecprotocol.com,(212) 500-6644,"3351 Peachtree Rd NE, Atlanta, GA 30326, USA?",IT Services,Good and Fast Service Recommended Just had some work done by Adrian and I was super satisfied with his work. I would recommend him to all my friends",
ABC Computer Service,https://www.abccomputerservice.com,(212) 725-3511,"Atlanta, GA 30326, USA",IT Services,ABC Computer Service is a professional IT and computer repair company that provides services for both businesses and individual clients.,
Computer Guys,https://www.thecomputerguys.com,(212) 414-0321,"Jamaica, NY 11432, USA",IT Services,ABC Computer Service is a company that offers IT support and managed services for businesses.,
Jay Shapiro Computers,https://www.jayshapiro.com,(877) 747-1711,"85-03 182nd St, Jamaica, NY 11432, USA",IT Services,"From Business: At Jay Shapiro Computers, we strive to provide you with outstanding service. We have skilled technicians to help with any New York computer repair needs. Call us",
Thirty5Tech - NYC Computer Repair,https://www.thirty5tech.com,(917) 508-6047,"80 E 11th St, New York, NY 10003, USA",IT Services,Pretty cool tech that know their stuff . Affordable Flat Rate",
NY Citi Technologies,https://www.nycititech.com,(917) 267-9816,"1133 Broadway, New York, NY 10010, USA",IT Services,Great Help desk / Desktop support when needed. You guys are the best.",
NyITTech - Computer Repair NYC,https://www.nyittech.com,(718) 360-2750,"100 Broadway, New York, NY 10005, USA",IT Services,Last week I called NyITTech? because my PC was broken. The people came to my house very quickly and managed to fix the problem in only a half an hour. I'm very grateful to them.",
Mike's Tech Shop,https://www.mikestechshop.com,(212) 924-6453,"640 N Harlem Ave, Chicago, IL 60706, USA",IT Services,"Went here without any type of expectation or any. After having my laptop repaired, I can't believe how much it improves in terms of functionality. Really awesome.""",
Link Sys,https://www.linksys.com,(646) 370-1963,"Central Ave, Chicago, IL 60646, USA",IT Services,"Do NOT USE THIS PLACE if you don?t have an iPhone.  I cracked the glass on my Motorola Droid Razr Maxx in June, but I was able to use the device fully functionally with a",
b4computers,https://www.b4computers.com,(718) 675-4069,"New York, NY 10016, USA",IT Services,"From Business: The experts at b4computers can: *Fix problems encountered with all standard hardware and software for desktop, tower, laptop, notebook, and netbook. *We are",
JoeNYC,https://www.joenewyork.com,(212) 777-2986,"1865 W 8th St, Brooklyn, NY 11223, USA?",IT Services,"From Business: Expert Computer Consultation Affordable, Fast and Professional (PC or Mac) Computer Pros for Computer Woes $25/hour Drop Off Service Laptop or Desktop Computer",
Invenio IT,https://www.invenioit.com,(646) 395-1170,"1700 7th Ave, New York, NY 10128, USA",IT Services,"From Business: Based in New York, Invenio IT is an IT solutions provider for small and medium businesses. Founded in 2001, we have over 10 years of experience helping",
NYC Data Recovery Services,https://www.nycdatarecovery.com,(212) 729-6594,"4408 7th Ave, Brooklyn, NY 11220, USA?",IT Services,"From Business: NYC Data Recovery Services specializes in various types of data recovery for businesses, government institutions, and homes. Their recovery services include hard",
NIMAX,https://www.nimax.com,(347) 788-0122," 6201 S Orange Ave, Orlando, FL 32809, USA",IT Services,From Business: NiMax provides professional service for affordable prices.Â Professional - Friendly - Fast - Guaranteed,
"YaFix, Apple iPhone, iPad, iPod, & Macbook Repair",https://www.yafix.com,(347) 669-2349,"515 E 5th St, New York, NY 10009, USA",IT Services,"From Business: NYC's #1 Apple Repair & Customization Shop for the iPhone 3G, 3GS, 4, & 4S; the iPad 1 & 2; & the iPod Touch 2G, 3G, & 4G; We Offer Original Parts, Amazing",
Ramp Up Technology,https://www.rampuptechnology.com,(212) 633-0656,"New York, NY",IT Services,From Business: At Ramp Up we work hand in hand with our customers to define focused Information Technology (IT) strategies that translate into viable and sustainable solutions,
City Tech Wizards,https://www.citytechwizards.com,(646) 820-4369,"3828 164th St, Flushing, NY 11358, USA",IT Services,"From Business: We are a computer repair service located in midtown Manhattan, servicing all of New York City. Call us today at 646-820-4369!",
Computer Integrated Services Company of Ny,https://www.cisus.com,(212) 577-6033,"79-23 57th Ave, New York, NY 11385, USA?",IT Services,"From Business: Established in 1995, Computer Integrated Services is one of the leading providers of network integration and infrastructure services in the northeastern United",
Pc Doctor,https://www.pcdoctor.com,(917) 399-1794,"646 W 28th St, New York, NY 10001, USA",IT Services,From Business: Xpress PC Doctor is the smart choice for affordable and reliable on-site Computer Repair Services and Networking Support . Our work is done properly the first,
Sentril Tech,https://www.sentriltech.com,(646) 283-9667,"15662 W 7th St, San Antonio, TX 78207, USA",IT Services,From Business: We've proudly been service New York City since 2006 and are committed to provide the best computer repair service.,
